# This file contains draft temp data for our SQL database called net_worth_db


#temp data for userinfo table
insert into userInfo (userID, firstName, lastName, username, password, email) values (1, 'Jacquenetta', 'Hagger', 'jhagger0', '2nVnxeVrk4', 'jhagger0@home.pl');
insert into userInfo (userID, firstName, lastName, username, password, email) values (2, 'Ive', 'Wishart', 'iwishart1', '5wj3xil', 'iwishart1@google.nl');
insert into userInfo (userID, firstName, lastName, username, password, email) values (3, 'Kenton', 'Middell', 'kmiddell2', 'QoAHKI', 'kmiddell2@ocn.ne.jp');
insert into userInfo (userID, firstName, lastName, username, password, email) values (4, 'Aindrea', 'Wanderschek', 'awanderschek3', 'xAdnGE', 'awanderschek3@i2i.jp');
insert into userInfo (userID, firstName, lastName, username, password, email) values (5, 'Augustine', 'Feldstein', 'afeldstein4', '0S3Iu1G', 'afeldstein4@nytimes.com');
insert into userInfo (userID, firstName, lastName, username, password, email) values (6, 'Beryl', 'Dammarell', 'bdammarell5', '0aPNOQczmkB', 'bdammarell5@liveinternet.ru');
insert into userInfo (userID, firstName, lastName, username, password, email) values (7, 'Corinne', 'Brickstock', 'cbrickstock6', 'nM32vWO3r0M', 'cbrickstock6@mlb.com');
insert into userInfo (userID, firstName, lastName, username, password, email) values (8, 'Rita', 'Whiting', 'rwhiting7', 'F5xuoTVM', 'rwhiting7@myspace.com');
insert into userInfo (userID, firstName, lastName, username, password, email) values (9, 'Ana', 'Caville', 'acaville8', 'gkilQgLIf', 'acaville8@digg.com');
insert into userInfo (userID, firstName, lastName, username, password, email) values (10, 'Kelsi', 'Fibbings', 'kfibbings9', 'ENARjDKYsY', 'kfibbings9@wired.com');
insert into userInfo (userID, firstName, lastName, username, password, email) values (11, 'Corey', 'Cromie', 'ccromiea', 'ra0tndUHnFt9', 'ccromiea@independent.co.uk');
insert into userInfo (userID, firstName, lastName, username, password, email) values (12, 'Linc', 'Beggin', 'lbegginb', 'Y8xi68bLEa', 'lbegginb@hao123.com');
insert into userInfo (userID, firstName, lastName, username, password, email) values (13, 'Cosmo', 'Beswick', 'cbeswickc', 'qiQ7UcCV3', 'cbeswickc@theatlantic.com');
insert into userInfo (userID, firstName, lastName, username, password, email) values (14, 'Nicolle', 'Largent', 'nlargentd', '8vxSpogRpd7L', 'nlargentd@wikipedia.org');
insert into userInfo (userID, firstName, lastName, username, password, email) values (15, 'Benson', 'Redmayne', 'bredmaynee', 'WCi3G9wVijE', 'bredmaynee@trellian.com');
insert into userInfo (userID, firstName, lastName, username, password, email) values (16, 'Gayler', 'Smeuin', 'gsmeuinf', 'mbiqh07Yu', 'gsmeuinf@timesonline.co.uk');
insert into userInfo (userID, firstName, lastName, username, password, email) values (17, 'Maxine', 'Bownde', 'mbowndeg', 'duJ66edFrnpd', 'mbowndeg@columbia.edu');
insert into userInfo (userID, firstName, lastName, username, password, email) values (18, 'Elsa', 'Hanington', 'ehaningtonh', '9JMr77YleV', 'ehaningtonh@tinypic.com');
insert into userInfo (userID, firstName, lastName, username, password, email) values (19, 'Ophelie', 'Heckle', 'ohecklei', 'MSIUQcVpCPOm', 'ohecklei@hp.com');
insert into userInfo (userID, firstName, lastName, username, password, email) values (20, 'Malachi', 'Davage', 'mdavagej', 'NwZkpzXbv', 'mdavagej@tripadvisor.com');
insert into userInfo (userID, firstName, lastName, username, password, email) values (21, 'Pablo', 'Weymouth', 'pweymouthk', 'G8vJzso', 'pweymouthk@aol.com');
insert into userInfo (userID, firstName, lastName, username, password, email) values (22, 'Ciro', 'Revely', 'crevelyl', 'kbiuqjk9ghRt', 'crevelyl@netvibes.com');
insert into userInfo (userID, firstName, lastName, username, password, email) values (23, 'Archaimbaud', 'Littleproud', 'alittleproudm', 'dleT2jRqx', 'alittleproudm@mail.ru');
insert into userInfo (userID, firstName, lastName, username, password, email) values (24, 'Maribeth', 'Overbury', 'moverburyn', 'aqPjmzvT7', 'moverburyn@buzzfeed.com');
insert into userInfo (userID, firstName, lastName, username, password, email) values (25, 'Edwina', 'Braden', 'ebradeno', 'Md2vE9N', 'ebradeno@geocities.com');
insert into userInfo (userID, firstName, lastName, username, password, email) values (26, 'Ibby', 'De Hooch', 'idehoochp', 'IlAHIBRUN9', 'idehoochp@trellian.com');
insert into userInfo (userID, firstName, lastName, username, password, email) values (27, 'Reena', 'Whitehorne', 'rwhitehorneq', 'u1BegVYa', 'rwhitehorneq@foxnews.com');
insert into userInfo (userID, firstName, lastName, username, password, email) values (28, 'Lazarus', 'Gilbride', 'lgilbrider', 'NDYTUGbmA', 'lgilbrider@google.fr');
insert into userInfo (userID, firstName, lastName, username, password, email) values (29, 'Goldie', 'Simm', 'gsimms', 'aNjK1Sjed84b', 'gsimms@deliciousdays.com');
insert into userInfo (userID, firstName, lastName, username, password, email) values (30, 'Mile', 'Scanderet', 'mscanderett', 'yMo0pY9rHGE0', 'mscanderett@lycos.com');
insert into userInfo (userID, firstName, lastName, username, password, email) values (31, 'Mallory', 'Mallatratt', 'mmallatrattu', 'WkvP8dYsdw', 'mmallatrattu@apple.com');
insert into userInfo (userID, firstName, lastName, username, password, email) values (32, 'Clarissa', 'Hixley', 'chixleyv', 'RovhX2LYc', 'chixleyv@opensource.org');
insert into userInfo (userID, firstName, lastName, username, password, email) values (33, 'Imogene', 'Fackney', 'ifackneyw', 'AbFTa32Mh', 'ifackneyw@newyorker.com');
insert into userInfo (userID, firstName, lastName, username, password, email) values (34, 'Nathan', 'Krop', 'nkropx', 'NFXPNByspTK8', 'nkropx@mashable.com');
insert into userInfo (userID, firstName, lastName, username, password, email) values (35, 'Pauline', 'Byrkmyr', 'pbyrkmyry', 'iCcOkPe', 'pbyrkmyry@comcast.net');
insert into userInfo (userID, firstName, lastName, username, password, email) values (36, 'Nerita', 'Haliburton', 'nhaliburtonz', 'O721s8FE4p', 'nhaliburtonz@tmall.com');
insert into userInfo (userID, firstName, lastName, username, password, email) values (37, 'Yvon', 'Arton', 'yarton10', 'xGv3QvnZ', 'yarton10@springer.com');
insert into userInfo (userID, firstName, lastName, username, password, email) values (38, 'Merrick', 'Antwis', 'mantwis11', 'vYVVwbzw', 'mantwis11@seattletimes.com');
insert into userInfo (userID, firstName, lastName, username, password, email) values (39, 'Heinrick', 'Walling', 'hwalling12', 'Wx5H6fI', 'hwalling12@sciencedaily.com');
insert into userInfo (userID, firstName, lastName, username, password, email) values (40, 'Anderea', 'Sebright', 'asebright13', 'Usl6Pm4cm', 'asebright13@dyndns.org');
insert into userInfo (userID, firstName, lastName, username, password, email) values (41, 'Merissa', 'Arminger', 'marminger14', 'tuErULqS0Ac', 'marminger14@lulu.com');
insert into userInfo (userID, firstName, lastName, username, password, email) values (42, 'Saw', 'Boakes', 'sboakes15', 'r0787iO', 'sboakes15@loc.gov');
insert into userInfo (userID, firstName, lastName, username, password, email) values (43, 'Lacy', 'Golden of Ireland', 'lgoldenofireland16', 'nI7X4asJB8', 'lgoldenofireland16@youtube.com');
insert into userInfo (userID, firstName, lastName, username, password, email) values (44, 'Dallas', 'Shipp', 'dshipp17', 'MKgzA24Ff', 'dshipp17@artisteer.com');
insert into userInfo (userID, firstName, lastName, username, password, email) values (45, 'Loretta', 'Milmore', 'lmilmore18', 'XDCqFjq2', 'lmilmore18@gnu.org');
insert into userInfo (userID, firstName, lastName, username, password, email) values (46, 'Otho', 'Tschursch', 'otschursch19', 'lutXox', 'otschursch19@nbcnews.com');
insert into userInfo (userID, firstName, lastName, username, password, email) values (47, 'Starla', 'Laister', 'slaister1a', 'xWjcvpd5M', 'slaister1a@pagesperso-orange.fr');
insert into userInfo (userID, firstName, lastName, username, password, email) values (48, 'Annabela', 'Brimblecomb', 'abrimblecomb1b', 'wRnuxyY3Mwf', 'abrimblecomb1b@pagesperso-orange.fr');
insert into userInfo (userID, firstName, lastName, username, password, email) values (49, 'Salvidor', 'Montford', 'smontford1c', '8f7jYp', 'smontford1c@wufoo.com');
insert into userInfo (userID, firstName, lastName, username, password, email) values (50, 'Celene', 'Biggen', 'cbiggen1d', 'fhl8McrS1kGR', 'cbiggen1d@nasa.gov');


#temp data for networthinfo table
insert into netWorthInfo (userID, factor1, factor2, factor3, netWorth) values (1, 144, 67, 36, 267);
insert into netWorthInfo (userID, factor1, factor2, factor3, netWorth) values (2, 525, 261, 6, 176);
insert into netWorthInfo (userID, factor1, factor2, factor3, netWorth) values (3, 378, 525, 95, 752);
insert into netWorthInfo (userID, factor1, factor2, factor3, netWorth) values (4, 591, 205, 78, 443);
insert into netWorthInfo (userID, factor1, factor2, factor3, netWorth) values (5, 401, 816, 66, 1949);
insert into netWorthInfo (userID, factor1, factor2, factor3, netWorth) values (6, 138, 188, 10, 764);
insert into netWorthInfo (userID, factor1, factor2, factor3, netWorth) values (7, 68, 894, 35, 1874);
insert into netWorthInfo (userID, factor1, factor2, factor3, netWorth) values (8, 40, 545, 11, 173);
insert into netWorthInfo (userID, factor1, factor2, factor3, netWorth) values (9, 309, 368, 55, 1774);
insert into netWorthInfo (userID, factor1, factor2, factor3, netWorth) values (10, 346, 333, 6, 1855);
insert into netWorthInfo (userID, factor1, factor2, factor3, netWorth) values (11, 757, 381, 64, 457);
insert into netWorthInfo (userID, factor1, factor2, factor3, netWorth) values (12, 558, 304, 36, 933);
insert into netWorthInfo (userID, factor1, factor2, factor3, netWorth) values (13, 178, 629, 88, 1624);
insert into netWorthInfo (userID, factor1, factor2, factor3, netWorth) values (14, 22, 900, 30, 1686);
insert into netWorthInfo (userID, factor1, factor2, factor3, netWorth) values (15, 714, 830, 70, 1237);
insert into netWorthInfo (userID, factor1, factor2, factor3, netWorth) values (16, 60, 576, 26, 1063);
insert into netWorthInfo (userID, factor1, factor2, factor3, netWorth) values (17, 272, 640, 40, 702);
insert into netWorthInfo (userID, factor1, factor2, factor3, netWorth) values (18, 785, 724, 71, 1437);
insert into netWorthInfo (userID, factor1, factor2, factor3, netWorth) values (19, 912, 677, 5, 1235);
insert into netWorthInfo (userID, factor1, factor2, factor3, netWorth) values (20, 483, 998, 5, 240);
insert into netWorthInfo (userID, factor1, factor2, factor3, netWorth) values (21, 539, 365, 20, 807);
insert into netWorthInfo (userID, factor1, factor2, factor3, netWorth) values (22, 603, 848, 2, 775);
insert into netWorthInfo (userID, factor1, factor2, factor3, netWorth) values (23, 180, 552, 82, 1521);
insert into netWorthInfo (userID, factor1, factor2, factor3, netWorth) values (24, 472, 858, 60, 145);
insert into netWorthInfo (userID, factor1, factor2, factor3, netWorth) values (25, 722, 440, 53, 1090);
insert into netWorthInfo (userID, factor1, factor2, factor3, netWorth) values (26, 132, 56, 20, 1370);
insert into netWorthInfo (userID, factor1, factor2, factor3, netWorth) values (27, 542, 62, 78, 1447);
insert into netWorthInfo (userID, factor1, factor2, factor3, netWorth) values (28, 431, 689, 8, 977);
insert into netWorthInfo (userID, factor1, factor2, factor3, netWorth) values (29, 494, 995, 83, 820);
insert into netWorthInfo (userID, factor1, factor2, factor3, netWorth) values (30, 993, 719, 56, 1397);
insert into netWorthInfo (userID, factor1, factor2, factor3, netWorth) values (31, 738, 640, 77, 1379);
insert into netWorthInfo (userID, factor1, factor2, factor3, netWorth) values (32, 61, 931, 52, 842);
insert into netWorthInfo (userID, factor1, factor2, factor3, netWorth) values (33, 856, 380, 44, 458);
insert into netWorthInfo (userID, factor1, factor2, factor3, netWorth) values (34, 288, 360, 61, 99);
insert into netWorthInfo (userID, factor1, factor2, factor3, netWorth) values (35, 886, 575, 9, 300);
insert into netWorthInfo (userID, factor1, factor2, factor3, netWorth) values (36, 573, 6, 48, 1671);
insert into netWorthInfo (userID, factor1, factor2, factor3, netWorth) values (37, 246, 23, 65, 571);
insert into netWorthInfo (userID, factor1, factor2, factor3, netWorth) values (38, 507, 255, 65, 1872);
insert into netWorthInfo (userID, factor1, factor2, factor3, netWorth) values (39, 377, 490, 43, 215);
insert into netWorthInfo (userID, factor1, factor2, factor3, netWorth) values (40, 404, 804, 94, 693);
insert into netWorthInfo (userID, factor1, factor2, factor3, netWorth) values (41, 496, 81, 38, 624);
insert into netWorthInfo (userID, factor1, factor2, factor3, netWorth) values (42, 949, 874, 44, 1011);
insert into netWorthInfo (userID, factor1, factor2, factor3, netWorth) values (43, 314, 394, 17, 887);
insert into netWorthInfo (userID, factor1, factor2, factor3, netWorth) values (44, 53, 626, 78, 529);
insert into netWorthInfo (userID, factor1, factor2, factor3, netWorth) values (45, 260, 683, 20, 641);
insert into netWorthInfo (userID, factor1, factor2, factor3, netWorth) values (46, 956, 362, 52, 1881);
insert into netWorthInfo (userID, factor1, factor2, factor3, netWorth) values (47, 757, 581, 29, 1099);
insert into netWorthInfo (userID, factor1, factor2, factor3, netWorth) values (48, 286, 170, 82, 1110);
insert into netWorthInfo (userID, factor1, factor2, factor3, netWorth) values (49, 229, 300, 96, 300);
insert into netWorthInfo (userID, factor1, factor2, factor3, netWorth) values (50, 754, 581, 69, 589);


#temp data for celebritydata table
insert into celebrityData (celebID, firstName, lastName, netWorth, age, occupation, location) values (1, 'Jose', 'Joicey', 82, 86, 'VP Sales', 'Barcelona');
insert into celebrityData (celebID, firstName, lastName, netWorth, age, occupation, location) values (2, 'Consuela', 'Dyball', 56, 58, 'Human Resources Manager', 'Orléans');
insert into celebrityData (celebID, firstName, lastName, netWorth, age, occupation, location) values (3, 'Clair', 'Gyngell', 46, 61, 'Nurse', 'San Fernando Apure');
insert into celebrityData (celebID, firstName, lastName, netWorth, age, occupation, location) values (4, 'Kare', 'Thew', 73, 90, 'Project Manager', 'Verkhozim');
insert into celebrityData (celebID, firstName, lastName, netWorth, age, occupation, location) values (5, 'Maure', 'Barrable', 53, 53, 'Developer IV', 'Chekhov');
insert into celebrityData (celebID, firstName, lastName, netWorth, age, occupation, location) values (6, 'Regan', 'Richt', 99, 45, 'Legal Assistant', 'Jomda');
insert into celebrityData (celebID, firstName, lastName, netWorth, age, occupation, location) values (7, 'Genny', 'Soloway', 87, 82, 'Senior Editor', 'Pirapozinho');
insert into celebrityData (celebID, firstName, lastName, netWorth, age, occupation, location) values (8, 'Marena', 'Beckingham', 19, 46, 'Senior Cost Accountant', 'Susanino');
insert into celebrityData (celebID, firstName, lastName, netWorth, age, occupation, location) values (9, 'Chen', 'Gurry', 50, 43, 'Assistant Manager', 'Strzelce Krajeńskie');
insert into celebrityData (celebID, firstName, lastName, netWorth, age, occupation, location) values (10, 'Demetris', 'Blanpein', 64, 84, 'Human Resources Assistant II', 'Sigavé');
insert into celebrityData (celebID, firstName, lastName, netWorth, age, occupation, location) values (11, 'Alanah', 'Kollasch', 53, 42, 'Occupational Therapist', 'Ţahţā');
insert into celebrityData (celebID, firstName, lastName, netWorth, age, occupation, location) values (12, 'Idalina', 'McFarland', 77, 51, 'Developer I', 'Kubang');
insert into celebrityData (celebID, firstName, lastName, netWorth, age, occupation, location) values (13, 'Upton', 'Danilchik', 63, 15, 'Occupational Therapist', 'Vila Verde');
insert into celebrityData (celebID, firstName, lastName, netWorth, age, occupation, location) values (14, 'Ola', 'Tison', 44, 19, 'Librarian', 'Paranho');
insert into celebrityData (celebID, firstName, lastName, netWorth, age, occupation, location) values (15, 'Rebekkah', 'De Cleen', 45, 83, 'Director of Sales', 'Derjan');
insert into celebrityData (celebID, firstName, lastName, netWorth, age, occupation, location) values (16, 'Rory', 'Neal', 54, 41, 'Health Coach I', 'Fusagasuga');
insert into celebrityData (celebID, firstName, lastName, netWorth, age, occupation, location) values (17, 'Glenden', 'Delacourt', 91, 36, 'Food Chemist', 'Lansing');
insert into celebrityData (celebID, firstName, lastName, netWorth, age, occupation, location) values (18, 'Quillan', 'Moffat', 7, 51, 'Health Coach II', 'Colmar');
insert into celebrityData (celebID, firstName, lastName, netWorth, age, occupation, location) values (19, 'Terrie', 'Corton', 42, 83, 'Associate Professor', 'Bendosari');
insert into celebrityData (celebID, firstName, lastName, netWorth, age, occupation, location) values (20, 'Daphene', 'Oswal', 100, 80, 'Account Executive', 'Gālīkesh');
insert into celebrityData (celebID, firstName, lastName, netWorth, age, occupation, location) values (21, 'Janot', 'McBrearty', 67, 53, 'Chemical Engineer', 'Manat');
insert into celebrityData (celebID, firstName, lastName, netWorth, age, occupation, location) values (22, 'Norman', 'Baggaley', 79, 89, 'Database Administrator IV', 'Lugu');
insert into celebrityData (celebID, firstName, lastName, netWorth, age, occupation, location) values (23, 'Esme', 'Chidwick', 89, 72, 'Cost Accountant', 'Gornja Koprivna');
insert into celebrityData (celebID, firstName, lastName, netWorth, age, occupation, location) values (24, 'Amerigo', 'Basek', 14, 89, 'Design Engineer', 'Kolo');
insert into celebrityData (celebID, firstName, lastName, netWorth, age, occupation, location) values (25, 'Rosa', 'Schuelcke', 11, 22, 'Senior Financial Analyst', 'Güines');
insert into celebrityData (celebID, firstName, lastName, netWorth, age, occupation, location) values (26, 'Simone', 'Kittle', 60, 64, 'Geologist II', 'Šenov');
insert into celebrityData (celebID, firstName, lastName, netWorth, age, occupation, location) values (27, 'Dukie', 'M''Quharg', 85, 58, 'Help Desk Operator', 'Whitehorse');
insert into celebrityData (celebID, firstName, lastName, netWorth, age, occupation, location) values (28, 'Prentiss', 'Maunders', 18, 76, 'Automation Specialist III', 'Kengyuan');
insert into celebrityData (celebID, firstName, lastName, netWorth, age, occupation, location) values (29, 'Rosemarie', 'Crowdy', 29, 31, 'Nurse Practicioner', 'Karatau');
insert into celebrityData (celebID, firstName, lastName, netWorth, age, occupation, location) values (30, 'Garry', 'Bullivant', 8, 56, 'Sales Associate', 'Kista');



